{"nm":"Main Scene","ddd":0,"h":1020,"w":1020,"meta":{"g":"@lottiefiles/creator 1.45.0"},"layers":[{"ty":4,"nm":"facetime-button Outlines","sr":1,"st":0,"op":90,"ip":0,"hd":false,"ddd":0,"bm":0,"hasMask":false,"ao":0,"ks":{"a":{"a":0,"k":[58.5,42.5,0],"ix":1},"s":{"a":1,"k":[{"o":{"x":0.167,"y":0.167},"i":{"x":0.833,"y":0.833},"s":[183,183,100],"t":0},{"o":{"x":0.167,"y":0.167},"i":{"x":0.833,"y":0.833},"s":[253,253,100],"t":20},{"s":[199,199,100],"t":30}],"ix":6},"sk":{"a":0,"k":0},"p":{"a":0,"k":[510.182,510.39,0],"ix":2},"r":{"a":1,"k":[{"o":{"x":0.167,"y":0.167},"i":{"x":0.833,"y":0.833},"s":[0],"t":30},{"o":{"x":0.167,"y":0.167},"i":{"x":0.833,"y":0.833},"s":[-10],"t":40},{"o":{"x":0.167,"y":0.167},"i":{"x":0.833,"y":0.833},"s":[10],"t":50},{"o":{"x":0.167,"y":0.167},"i":{"x":0.833,"y":0.833},"s":[0],"t":60},{"o":{"x":0.167,"y":0.167},"i":{"x":0.833,"y":0.833},"s":[-10],"t":70},{"o":{"x":0.167,"y":0.167},"i":{"x":0.833,"y":0.833},"s":[10],"t":80},{"s":[0],"t":89}],"ix":10},"sa":{"a":0,"k":0},"o":{"a":0,"k":100,"ix":11}},"shapes":[{"ty":"gr","bm":0,"hd":false,"mn":"ADBE Vector Group","nm":"Group 1","ix":1,"cix":2,"np":4,"it":[{"ty":"sh","bm":0,"hd":false,"mn":"ADBE Vector Shape - Group","nm":"Path 1","ix":1,"d":1,"ks":{"a":0,"k":{"c":true,"i":[[1.695,0.738],[0.519,0],[0.782,-0.824],[0,0],[0,0],[3.672,3.672],[5.172,0],[0,0],[3.672,-3.672],[0,-5.168],[0,0],[-3.672,-3.672],[-5.168,0],[0,0],[-3.676,3.672],[0,5.172],[0,0],[0,0],[-1.176,0],[-0.567,0.218],[0,1.824],[0,0]],"o":[[-0.567,-0.215],[-1.176,0],[0,0],[0,0],[0,-5.168],[-3.676,-3.672],[0,0],[-5.168,0],[-3.672,3.672],[0,0],[0,5.172],[3.672,3.672],[0,0],[5.172,0],[3.672,-3.672],[0,0],[0,0],[0.782,0.825],[0.519,0],[1.695,-0.739],[0,0],[0,-1.828]],"v":[[55.857,-39.305],[54.228,-39.629],[51.294,-38.391],[25.029,-12.188],[25.029,-22.945],[19.521,-36.207],[6.255,-41.715],[-39.631,-41.715],[-52.893,-36.207],[-58.4,-22.945],[-58.4,22.941],[-52.893,36.207],[-39.631,41.715],[6.255,41.715],[19.521,36.207],[25.029,22.941],[25.029,12.121],[51.294,38.39],[54.228,39.629],[55.857,39.301],[58.4,35.457],[58.4,-35.457]]},"ix":2}},{"ty":"sh","bm":0,"hd":false,"mn":"ADBE Vector Shape - Group","nm":"Path 2","ix":2,"d":1,"ks":{"a":0,"k":{"c":false,"i":[[0,0]],"o":[[0,0]],"v":[[55.857,-39.305]]},"ix":2}},{"ty":"mm","bm":0,"hd":false,"mn":"ADBE Vector Filter - Merge","nm":"Merge Paths 1","mm":1},{"ty":"fl","bm":0,"hd":false,"mn":"ADBE Vector Graphic - Fill","nm":"Fill 1","c":{"a":0,"k":[1,1,1],"ix":4},"r":1,"o":{"a":0,"k":100,"ix":5}},{"ty":"tr","a":{"a":0,"k":[0,0],"ix":1},"s":{"a":0,"k":[100,100],"ix":3},"sk":{"a":0,"k":0,"ix":4},"p":{"a":0,"k":[58.4,42.287],"ix":2},"r":{"a":0,"k":0,"ix":6},"sa":{"a":0,"k":0,"ix":5},"o":{"a":0,"k":100,"ix":7}}]}],"ind":1},{"ty":4,"nm":"Shape Layer 2","sr":1,"st":0,"op":90,"ip":90,"hd":false,"ddd":0,"bm":0,"hasMask":false,"ao":0,"ks":{"a":{"a":0,"k":[0,0,0],"ix":1},"s":{"a":1,"k":[{"o":{"x":0.167,"y":0.167},"i":{"x":0.833,"y":0.833},"s":[5,5,100],"t":0},{"o":{"x":0.167,"y":0.167},"i":{"x":0.833,"y":0.833},"s":[48,48,100],"t":20},{"s":[94,94,100],"t":60}],"ix":6},"sk":{"a":0,"k":0},"p":{"a":0,"k":[510,510,0],"ix":2},"r":{"a":0,"k":-90,"ix":10},"sa":{"a":0,"k":0},"o":{"a":1,"k":[{"o":{"x":0.167,"y":0.167},"i":{"x":0.833,"y":0.833},"s":[84],"t":42},{"s":[0],"t":60}],"ix":11}},"shapes":[{"ty":"gr","bm":0,"hd":false,"mn":"ADBE Vector Group","nm":"Ellipse 1","ix":1,"cix":2,"np":3,"it":[{"ty":"el","bm":0,"hd":false,"mn":"ADBE Vector Shape - Ellipse","nm":"Ellipse Path 1","d":1,"p":{"a":0,"k":[0,0],"ix":3},"s":{"a":0,"k":[600,600],"ix":2}},{"ty":"fl","bm":0,"hd":false,"mn":"ADBE Vector Graphic - Fill","nm":"Fill 1","c":{"a":0,"k":[0.4392,0.1608,0.8863],"ix":4},"r":2,"o":{"a":0,"k":100,"ix":5}},{"ty":"tr","a":{"a":0,"k":[0,0],"ix":1},"s":{"a":0,"k":[100,100],"ix":3},"sk":{"a":0,"k":0,"ix":4},"p":{"a":0,"k":[0,0],"ix":2},"r":{"a":0,"k":0,"ix":6},"sa":{"a":0,"k":0,"ix":5},"o":{"a":0,"k":100,"ix":7}}]}],"ind":2},{"ty":4,"nm":"Shape Layer 1","sr":1,"st":0,"op":90,"ip":0,"hd":false,"ddd":0,"bm":0,"hasMask":false,"ao":0,"ks":{"a":{"a":0,"k":[0,0,0],"ix":1},"s":{"a":1,"k":[{"o":{"x":0.167,"y":0.167},"i":{"x":0.833,"y":0.833},"s":[91,91,100],"t":0},{"o":{"x":0.167,"y":0.167},"i":{"x":0.833,"y":0.833},"s":[118,118,100],"t":30},{"s":[95,95,100],"t":45}],"ix":6},"sk":{"a":0,"k":0},"p":{"a":0,"k":[510,510,0],"ix":2},"r":{"a":0,"k":-90,"ix":10},"sa":{"a":0,"k":0},"o":{"a":0,"k":100,"ix":11}},"shapes":[{"ty":"gr","bm":0,"hd":false,"mn":"ADBE Vector Group","nm":"Ellipse 1","ix":1,"cix":2,"np":3,"it":[{"ty":"el","bm":0,"hd":false,"mn":"ADBE Vector Shape - Ellipse","nm":"Ellipse Path 1","d":1,"p":{"a":0,"k":[0,0],"ix":3},"s":{"a":0,"k":[600,600],"ix":2}},{"ty":"fl","bm":0,"hd":false,"mn":"ADBE Vector Graphic - G-Fill","nm":"Gradient Fill 1","c":{"a":0,"k":[0.8471,0.4588,0.0902]},"r":2,"o":{"a":0,"k":100,"ix":10}},{"ty":"tr","a":{"a":0,"k":[0,0],"ix":1},"s":{"a":0,"k":[100,100],"ix":3},"sk":{"a":0,"k":0,"ix":4},"p":{"a":0,"k":[0,0],"ix":2},"r":{"a":0,"k":0,"ix":6},"sa":{"a":0,"k":0,"ix":5},"o":{"a":0,"k":100,"ix":7}}]}],"ind":3},{"ty":4,"nm":"back layer 2","sr":1,"st":0,"op":90,"ip":0,"hd":false,"ddd":0,"bm":0,"hasMask":false,"ao":0,"ks":{"a":{"a":0,"k":[0,0,0],"ix":1},"s":{"a":1,"k":[{"o":{"x":0.167,"y":0.167},"i":{"x":0.833,"y":0.833},"s":[89,89,100],"t":0},{"o":{"x":0.167,"y":0.167},"i":{"x":0.833,"y":0.833},"s":[99,99,100],"t":51},{"o":{"x":0.167,"y":0.167},"i":{"x":0.833,"y":0.833},"s":[100.947,100.947,100],"t":63},{"s":[116,116,100],"t":89}],"ix":6},"sk":{"a":0,"k":0},"p":{"a":0,"k":[510,510,0],"ix":2},"r":{"a":0,"k":-90,"ix":10},"sa":{"a":0,"k":0},"o":{"a":0,"k":19,"ix":11}},"shapes":[{"ty":"gr","bm":0,"hd":false,"mn":"ADBE Vector Group","nm":"Ellipse 1","ix":1,"cix":2,"np":3,"it":[{"ty":"el","bm":0,"hd":false,"mn":"ADBE Vector Shape - Ellipse","nm":"Ellipse Path 1","d":1,"p":{"a":0,"k":[0,0],"ix":3},"s":{"a":0,"k":[600,600],"ix":2}},{"ty":"gf","bm":0,"hd":false,"mn":"ADBE Vector Graphic - Fill","nm":"Fill 1","e":{"a":0,"k":[1.7053025658242404e-13,299.9999999999999]},"g":{"p":2,"k":{"a":0,"k":[0,0.8470588235294118,0.4588235294117647,0.09019607843137255,1,1,0.5490196078431373,0.10980392156862745,0,1,1,1]}},"t":2,"a":{"a":0,"k":0},"h":{"a":0,"k":0},"s":{"a":0,"k":[0,0]},"r":2,"o":{"a":0,"k":100,"ix":5}},{"ty":"tr","a":{"a":0,"k":[5.684341886080802e-14,-1.1368683772161603e-13],"ix":1},"s":{"a":0,"k":[100,100],"ix":3},"sk":{"a":0,"k":0,"ix":4},"p":{"a":0,"k":[5.684341886080802e-14,-1.1368683772161603e-13],"ix":2},"r":{"a":0,"k":0,"ix":6},"sa":{"a":0,"k":0,"ix":5},"o":{"a":0,"k":100,"ix":7}}]}],"ind":4},{"ty":4,"nm":"back layer","sr":1,"st":0,"op":90,"ip":0,"hd":false,"ddd":0,"bm":0,"hasMask":false,"ao":0,"ks":{"a":{"a":0,"k":[0,0,0],"ix":1},"s":{"a":1,"k":[{"o":{"x":0.167,"y":0.167},"i":{"x":0.833,"y":0.833},"s":[89,89,100],"t":0},{"o":{"x":0.167,"y":0.167},"i":{"x":0.833,"y":0.833},"s":[99,99,100],"t":51},{"s":[140,140,100],"t":89}],"ix":6},"sk":{"a":0,"k":0},"p":{"a":0,"k":[510,510,0],"ix":2},"r":{"a":0,"k":-90,"ix":10},"sa":{"a":0,"k":0},"o":{"a":0,"k":19,"ix":11}},"shapes":[{"ty":"gr","bm":0,"hd":false,"mn":"ADBE Vector Group","nm":"Ellipse 1","ix":1,"cix":2,"np":3,"it":[{"ty":"el","bm":0,"hd":false,"mn":"ADBE Vector Shape - Ellipse","nm":"Ellipse Path 1","d":1,"p":{"a":0,"k":[0,0],"ix":3},"s":{"a":0,"k":[600,600],"ix":2}},{"ty":"fl","bm":0,"hd":false,"mn":"ADBE Vector Graphic - Fill","nm":"Fill 1","c":{"a":0,"k":[0.8471,0.4588,0.0902]},"r":2,"o":{"a":0,"k":100,"ix":5}},{"ty":"tr","a":{"a":0,"k":[0,0],"ix":1},"s":{"a":0,"k":[100,100],"ix":3},"sk":{"a":0,"k":0,"ix":4},"p":{"a":0,"k":[0,0],"ix":2},"r":{"a":0,"k":0,"ix":6},"sa":{"a":0,"k":0,"ix":5},"o":{"a":0,"k":100,"ix":7}}]}],"ind":5}],"v":"5.7.0","fr":30,"op":90,"ip":0,"assets":[]}